"total cpu usage",,,,,,"dsk/total",,"net/total",,"memory usage",,,,"paging",
"usr","sys","idl","wai","hiq","siq","read","writ","recv","send","used","buff","cach","free","in","out"
0.526812,0.12025,99.1833,0.158813,0.00159375,0.00946875,269237,329814,0,0,9.92039e+08,1.71238e+06,5.47736e+07,1.99826e+10,82.6957,146.341,
0.0859375,0.0390625,99.762,0.10925,0,0.00390625,1.90643e+06,96000,3147.88,2142.5,9.91755e+08,1.72288e+06,5.48544e+07,1.99828e+10,0,0,
0.0429688,0.0625,99.7385,0.144437,0,0.0117188,1.96147e+06,69632,9586.5,9875.12,9.91496e+08,1.73568e+06,5.48001e+07,1.99831e+10,0,0,
0.124938,0.066375,99.4497,0.335719,0,0.0234375,2.64627e+06,0,30247.5,27153.9,9.91292e+08,1.75552e+06,5.51542e+07,1.99829e+10,0,0,
0.433563,0.132812,99.2189,0.183562,0,0.03125,1.80429e+06,98304,202405,50851.7,9.9258e+08,1.7705e+06,5.52564e+07,1.99815e+10,0,0,
0.678906,0.0741875,99.0325,0.191156,0,0.0234062,2.25664e+06,331520,274936,47410.4,9.93477e+08,1.78355e+06,5.55186e+07,1.99803e+10,0,0,
0.842781,0.0975938,98.8374,0.206781,0,0.015625,1.33555e+06,116224,113081,5052.91,9.95186e+08,1.79123e+06,5.52684e+07,1.99788e+10,0,0,
0.616469,0.0780625,99.0753,0.206844,0.00390625,0.0195312,2.38029e+06,189952,208752,9366.59,9.96029e+08,1.79891e+06,5.56079e+07,1.99776e+10,0,0,
0.519531,0.078125,99.1604,0.218656,0.0078125,0.015625,2.68442e+06,0,133628,6264.41,9.96119e+08,1.80198e+06,5.60508e+07,1.99771e+10,0,0,
0.698375,0.0741875,99.1144,0.105313,0,0.0078125,2.05926e+06,0,113003,5647.47,9.96124e+08,1.80506e+06,5.61399e+07,1.9977e+10,0,0,
0.715594,0.0625,99.0386,0.175625,0,0.0078125,1.91155e+06,12544,114651,4931.06,9.96594e+08,1.81235e+06,5.60568e+07,1.99766e+10,0,0,
0.958906,0.0936562,98.4009,0.527094,0.00390625,0.0155937,2.73562e+06,54272,53574.2,2763.69,9.98977e+08,1.83437e+06,5.64933e+07,1.99738e+10,0,0,
0.082,0.0585938,99.723,0.132719,0.00390625,0,1.7856e+06,44032,53031.6,12418.1,9.9844e+08,1.8441e+06,5.6319e+07,1.99745e+10,0,0,
0.550781,0.0585938,99.0824,0.284906,0,0.0234375,2.33165e+06,16128,12319.6,3504.56,9.98502e+08,1.8569e+06,5.6498e+07,1.99742e+10,0,0,
8.13681,2.75444,82.311,6.55181,0.0117188,0.234156,2.31219e+06,20992,431424,180748,1.01908e+09,2.03981e+06,5.78743e+07,1.99521e+10,0,0,
13.2885,15.8903,49.7539,20.759,0.03125,0.277062,2.7799e+06,276224,2.79486e+06,428134,1.08211e+09,2.11546e+06,6.14284e+07,1.98854e+10,0,0,
33.4675,20.8997,40.9902,4.16022,0.0310312,0.4515,2.89741e+06,481792,2.34729e+06,256012,1.19973e+09,2.1833e+06,6.39016e+07,1.97653e+10,0,0,
65.5984,4.06481,17.2113,12.817,0.00775,0.300906,2.24947e+06,433152,3.41447e+06,341831,1.40726e+09,2.25549e+06,6.70842e+07,1.95545e+10,0,0,
93.6974,2.85216,2.32034,0.988594,0.017875,0.1235,1.86803e+06,471040,2.56534e+06,120298,1.60426e+09,2.26138e+06,6.87328e+07,1.93558e+10,0,0,
91.244,3.96394,2.65963,1.85425,0.0115625,0.266594,2.52186e+06,1.37088e+06,2.0177e+06,90001.9,1.82054e+09,2.2729e+06,7.15363e+07,1.91367e+10,0,0,
63.7075,3.77744,15.9556,16.2027,0.038875,0.31825,1.74566e+06,7936,3.37784e+06,156465,2.00409e+09,2.27891e+06,7.47475e+07,1.895e+10,0,0,
88.2674,2.56488,4.64794,4.32537,0.011,0.183469,1.18669e+07,159744,3.37676e+06,167962,2.20551e+09,2.30464e+06,8.20114e+07,1.87413e+10,0,0,
94.2818,2.00356,2.18788,1.30913,0.0191875,0.1985,1.57635e+07,145664,1.4236e+06,68009.4,2.30434e+09,2.33638e+06,9.12095e+07,1.86332e+10,0,0,
85.9416,4.20419,4.64653,4.81803,0.0400937,0.349562,1.72992e+07,336384,2.97968e+06,132291,2.42262e+09,2.37286e+06,1.02139e+08,1.8504e+10,0,0,
61.5122,7.20922,18.2128,12.6754,0.0155,0.375031,6.35338e+07,967424,2.16368e+06,1.0161e+06,3.01261e+09,2.51635e+06,1.39766e+08,1.78762e+10,0,0,
49.2629,6.06975,19.8399,24.2293,0.0232812,0.575031,1.69762e+08,84224,2.40857e+06,2.54201e+06,3.87625e+09,2.67277e+06,2.27927e+08,1.69242e+10,0,0,
40.0686,2.97341,24.8637,31.381,0.0346875,0.678719,1.95667e+08,427520,4.80626e+06,4.25954e+06,4.14198e+09,2.80102e+06,3.27587e+08,1.65587e+10,0,0,
37.5146,1.85631,26.9071,33.0086,0.0468438,0.666687,1.99464e+08,551168,5.49738e+06,5.2343e+06,4.22581e+09,2.91558e+06,4.28099e+08,1.63743e+10,0,0,
34.2834,1.63431,30.1536,33.2813,0.0311875,0.616156,2.00635e+08,246016,5.88672e+06,5.68589e+06,4.27297e+09,3.0144e+06,5.26045e+08,1.62291e+10,0,0,
36.0276,1.86037,29.1649,32.3077,0.0351562,0.60425,2.01928e+08,361984,5.73774e+06,5.72972e+06,4.3195e+09,3.11603e+06,6.25968e+08,1.60825e+10,0,0,
31.9465,1.97391,29.9934,35.4191,0.0429688,0.624062,2.02047e+08,353536,6.00508e+06,5.95409e+06,4.38874e+09,3.21498e+06,7.26558e+08,1.59126e+10,0,0,
24.0882,1.75572,35.5157,38.0006,0.0468125,0.593,1.98216e+08,346880,5.81263e+06,5.92575e+06,4.46239e+09,3.31776e+06,8.24796e+08,1.57406e+10,0,0,
22.5509,1.92353,37.7427,37.2208,0.0312187,0.53075,1.94121e+08,215552,6.05026e+06,5.36385e+06,4.56254e+09,3.42042e+06,9.21872e+08,1.55433e+10,0,0,
22.4903,2.06441,37.4789,37.4241,0.0195,0.522844,1.9656e+08,58624,5.55798e+06,5.79616e+06,4.67365e+09,3.51885e+06,1.01805e+09,1.53359e+10,0,0,
18.2057,1.71631,45.1871,34.3331,0.0468438,0.511,1.96819e+08,50432,5.97815e+06,6.10366e+06,4.76795e+09,3.61907e+06,1.11643e+09,1.51431e+10,0,0,
20.8243,1.908,43.0688,33.6176,0.0273125,0.554094,2.00562e+08,69888,5.90585e+06,5.8494e+06,4.85678e+09,3.72326e+06,1.21475e+09,1.49558e+10,0,0,
19.7107,1.82706,41.2423,36.654,0.0351562,0.530906,1.94005e+08,92672,6.62628e+06,6.20686e+06,4.92161e+09,3.83475e+06,1.31046e+09,1.47952e+10,0,0,
17.8044,1.53694,44.5609,35.5751,0.03125,0.491625,1.95969e+08,151808,6.19567e+06,6.51479e+06,4.96332e+09,4.02189e+06,1.40858e+09,1.46552e+10,0,0,
19.2952,1.66219,43.7985,34.6588,0.046875,0.538406,2.01849e+08,88576,5.91548e+06,5.96788e+06,5.00213e+09,4.27814e+06,1.50746e+09,1.45172e+10,0,0,
19.4916,1.77225,43.6047,34.5967,0.0390625,0.495719,2.01041e+08,19456,5.52909e+06,5.6396e+06,5.04275e+09,4.41165e+06,1.60709e+09,1.43768e+10,0,0,
17.1737,1.43559,47.6583,33.2019,0.0273125,0.503219,2.00023e+08,20480,5.97479e+06,5.92743e+06,5.08262e+09,4.51942e+06,1.70603e+09,1.42379e+10,0,0,
18.7014,1.63484,46.9531,32.1452,0.0312187,0.534312,2.02396e+08,51968,6.29818e+06,5.80106e+06,5.12842e+09,4.6345e+06,1.80707e+09,1.4091e+10,0,0,
20.0141,1.76028,43.5677,34.1273,0.0234375,0.507406,2.00844e+08,158464,5.76553e+06,5.59569e+06,5.17333e+09,4.74138e+06,1.90696e+09,1.39461e+10,0,0,
17.1714,1.51384,45.2304,35.5344,0.0273438,0.522906,2.01056e+08,118272,5.95507e+06,6.08439e+06,5.22036e+09,4.84531e+06,2.00515e+09,1.38007e+10,0,0,
18.9075,1.61528,44.0813,34.8421,0.0390313,0.514938,2.02216e+08,34048,6.42279e+06,6.16395e+06,5.25446e+09,4.94554e+06,2.10345e+09,1.36682e+10,0,0,
19.7953,1.80669,43.9905,33.8416,0.0429688,0.523062,2.02888e+08,161536,5.95893e+06,6.05628e+06,5.27645e+09,5.04346e+06,2.20322e+09,1.35464e+10,0,0,
17.1147,1.53341,45.7772,35.0831,0.0273438,0.464344,1.92591e+08,193536,5.94018e+06,5.84079e+06,5.30211e+09,5.14394e+06,2.30055e+09,1.34233e+10,0,0,
17.7987,1.58437,45.7545,34.3552,0.0273438,0.479875,1.89834e+08,171008,5.69195e+06,5.96524e+06,5.33838e+09,5.24403e+06,2.39467e+09,1.32928e+10,0,0,
18.8638,1.79944,44.5018,34.312,0.0273438,0.495719,1.91314e+08,107008,6.43575e+06,5.68539e+06,5.3998e+09,5.34157e+06,2.48838e+09,1.31376e+10,0,0,
16.4931,1.49063,46.3975,35.0922,0.0351562,0.491656,1.89922e+08,165376,5.2009e+06,5.37569e+06,5.43329e+09,5.43565e+06,2.57971e+09,1.30126e+10,0,0,
17.0694,1.55637,43.8795,36.9643,0.0234375,0.507094,1.88838e+08,44288,6.7478e+06,6.61509e+06,5.48882e+09,5.53075e+06,2.67453e+09,1.28622e+10,0,0,
18.0666,1.84991,43.6941,35.8275,0.0390625,0.522906,1.86534e+08,98304,6.22818e+06,6.5421e+06,5.54908e+09,5.62918e+06,2.7674e+09,1.2709e+10,0,0,
16.3565,1.46381,45.4093,36.3022,0.0195312,0.448781,1.89175e+08,114944,6.00112e+06,5.65906e+06,5.60824e+09,5.72544e+06,2.8585e+09,1.25586e+10,0,0,
17.1611,1.52472,47.5305,33.2883,0.0234062,0.472094,1.87024e+08,33536,5.49486e+06,5.9502e+06,5.66272e+09,5.81965e+06,2.95344e+09,1.24091e+10,0,0,
20.4773,1.81041,43.7883,33.3702,0.05075,0.503219,1.87439e+08,61184,5.98465e+06,5.61263e+06,5.7194e+09,5.91539e+06,3.04783e+09,1.22579e+10,0,0,
16.8194,1.45556,46.1411,35.0688,0.0234375,0.491719,1.90286e+08,0,5.88816e+06,6.14817e+06,5.76612e+09,6.01139e+06,3.14013e+09,1.21188e+10,0,0,
16.8078,1.47941,49.4411,31.7643,0.03125,0.476219,1.88065e+08,52736,6.3753e+06,6.41372e+06,5.79913e+09,6.11686e+06,3.23238e+09,1.19935e+10,0,0,
18.8447,1.69744,45.4132,33.5139,0.03125,0.499437,1.8743e+08,81408,6.56399e+06,5.90181e+06,5.82428e+09,6.21952e+06,3.32481e+09,1.18758e+10,0,0,
16.3836,1.30769,46.4638,35.349,0.0234375,0.472375,1.89375e+08,26368,6.31966e+06,6.77172e+06,5.83883e+09,6.31706e+06,3.41948e+09,1.17665e+10,0,0,
16.5657,1.38087,48.0732,33.4501,0.0429688,0.487656,1.90986e+08,24064,6.20356e+06,6.10252e+06,5.84812e+09,6.41626e+06,3.51403e+09,1.16625e+10,0,0,
18.3292,1.59575,45.8044,33.744,0.0390625,0.487656,1.88493e+08,5632,6.18533e+06,6.70491e+06,5.85696e+09,6.51238e+06,3.60809e+09,1.15595e+10,0,0,
15.9337,1.29553,47.4048,34.8781,0.0273438,0.460562,1.88264e+08,77312,6.7388e+06,6.45351e+06,5.84e+09,6.61248e+06,3.70019e+09,1.14843e+10,0,0,
16.5335,1.32228,47.036,34.5856,0.0273125,0.495188,1.8707e+08,132608,5.84361e+06,5.69471e+06,5.82492e+09,6.71078e+06,3.79217e+09,1.14073e+10,0,0,
18.7797,1.56844,45.8305,33.3181,0.0234375,0.479938,1.84554e+08,76800,5.77277e+06,5.62177e+06,5.80355e+09,6.80525e+06,3.88316e+09,1.13376e+10,0,0,
15.955,1.26447,49.6286,32.6445,0.035125,0.472156,1.81602e+08,126720,6.02918e+06,5.78648e+06,5.79138e+09,6.8983e+06,3.97426e+09,1.12585e+10,0,0,
15.1682,1.32256,49.2568,33.7219,0.0390313,0.491594,1.81839e+08,117504,6.85723e+06,6.55625e+06,5.80756e+09,7.00109e+06,4.06244e+09,1.11541e+10,0,0,
17.1655,1.6395,45.9373,34.758,0.0351562,0.464563,1.83063e+08,109824,6.28868e+06,6.62684e+06,5.8202e+09,7.09862e+06,4.15204e+09,1.10518e+10,0,0,
15.1499,1.256,49.1004,33.971,0.0273438,0.495313,1.77703e+08,131840,6.27278e+06,6.48193e+06,5.82758e+09,7.1959e+06,4.24059e+09,1.09557e+10,0,0,
15.0751,1.37697,48.563,34.4855,0.03125,0.468156,1.77336e+08,42752,6.12247e+06,6.00458e+06,5.85221e+09,7.28768e+06,4.32924e+09,1.08423e+10,0,0,
18.5557,1.6035,46.2378,33.0843,0.0351562,0.483781,1.82284e+08,64000,5.9525e+06,6.65156e+06,5.85968e+09,7.38112e+06,4.41739e+09,1.07466e+10,0,0,
15.1827,1.24091,49.8156,33.2498,0.03125,0.479844,1.81222e+08,99072,6.40147e+06,5.71042e+06,5.86161e+09,7.4743e+06,4.50744e+09,1.06546e+10,0,0,
14.6984,1.22544,49.0337,34.5585,0.0351562,0.448844,1.80037e+08,34304,6.37546e+06,6.51954e+06,5.86418e+09,7.56864e+06,4.5965e+09,1.05628e+10,0,0,
16.5011,1.51781,50.6418,30.8438,0.015625,0.479906,1.799e+08,89088,5.67329e+06,5.79889e+06,5.86691e+09,7.66502e+06,4.68769e+09,1.04688e+10,0,0,
15.052,1.24141,50.234,32.973,0.0390625,0.460656,1.81447e+08,26112,6.07384e+06,6.0583e+06,5.86919e+09,7.75962e+06,4.77519e+09,1.03789e+10,0,0,
14.8338,1.21312,53.775,29.6517,0.046875,0.479656,1.82986e+08,6912,6.2629e+06,5.7844e+06,5.86942e+09,7.85459e+06,4.86831e+09,1.02855e+10,0,0,
16.5689,1.53391,50.7804,30.617,0.0234375,0.476094,1.83215e+08,10752,5.54191e+06,6.03263e+06,5.87287e+09,7.94739e+06,4.9563e+09,1.0194e+10,0,0,
16.8499,1.40759,50.5206,30.6993,0.0429063,0.479719,1.80638e+08,47104,5.28815e+06,5.7611e+06,5.83434e+09,8.04301e+06,5.04787e+09,1.01408e+10,0,0,
14.952,1.27253,53.5084,29.8182,0.0195,0.429437,1.83077e+08,73728,5.60886e+06,5.22223e+06,5.7723e+09,8.13888e+06,5.1348e+09,1.01159e+10,0,0,
18.0287,1.63094,50.1692,29.6288,0.0195312,0.522906,1.84103e+08,26880,5.67882e+06,5.5583e+06,5.75626e+09,8.23565e+06,5.22675e+09,1.00398e+10,0,0,
18.1151,1.51797,51.7177,28.1731,0.035125,0.440906,1.79398e+08,44800,6.80734e+06,5.74641e+06,5.72364e+09,8.33024e+06,5.31542e+09,9.9837e+09,0,0,
21.9922,1.71591,48.0026,27.7979,0.0390625,0.452406,1.76322e+08,195840,5.14827e+06,6.28389e+06,5.66909e+09,8.4215e+06,5.40091e+09,9.95266e+09,0,0,
28.299,1.95759,40.4227,28.841,0.0350625,0.444688,1.71575e+08,113408,5.92022e+06,5.64687e+06,5.67411e+09,8.51366e+06,5.48746e+09,9.861e+09,0,0,
29.1408,1.82612,41.1664,27.3682,0.0390625,0.459531,1.72126e+08,158976,5.65376e+06,5.4764e+06,5.62753e+09,8.60698e+06,5.57118e+09,9.82377e+09,0,0,
27.2009,1.61812,42.9668,27.7266,0.023375,0.464219,1.63809e+08,66816,6.10526e+06,5.96702e+06,5.6328e+09,8.69338e+06,5.65215e+09,9.73744e+09,0,0,
26.8374,1.83831,41.858,29.0096,0.0273438,0.429344,1.64402e+08,178176,5.00597e+06,5.60229e+06,5.658e+09,8.77747e+06,5.73373e+09,9.63058e+09,0,0,
25.8983,1.6695,45.4977,26.4273,0.0507812,0.4565,1.65747e+08,220672,6.14873e+06,5.66011e+06,5.62675e+09,8.87757e+06,5.8167e+09,9.57875e+09,0,0,
23.5614,1.52494,48.8816,25.5717,0.0195312,0.440844,1.64247e+08,201984,5.14003e+06,5.21315e+06,5.61232e+09,8.96512e+06,5.89644e+09,9.51336e+09,0,0,
24.0808,1.75109,49.3427,24.3185,0.05075,0.456375,1.61346e+08,189952,5.80372e+06,5.96558e+06,5.60884e+09,9.05702e+06,5.97682e+09,9.43637e+09,0,0,
21.2903,1.573,50.407,26.2807,0.015625,0.433281,1.63294e+08,35584,6.00757e+06,5.57516e+06,5.55643e+09,9.14176e+06,6.05762e+09,9.4079e+09,0,0,
19.8624,1.44381,52.9641,25.2693,0.0390625,0.421469,1.60362e+08,84992,5.92882e+06,6.46758e+06,5.54974e+09,9.22381e+06,6.13636e+09,9.33576e+09,0,0,
19.4146,1.52147,53.2453,25.3817,0.0273438,0.40975,1.59832e+08,107776,6.87854e+06,6.33332e+06,5.53293e+09,9.30752e+06,6.21549e+09,9.27336e+09,0,0,
17.8082,1.26019,54.5063,26.0352,0.0195312,0.370844,1.57687e+08,122368,4.897e+06,4.78674e+06,5.52181e+09,9.39034e+06,6.29284e+09,9.20704e+09,0,0,
17.8628,1.2745,53.7178,26.6963,0.0234375,0.425094,1.56518e+08,117760,5.01561e+06,5.2e+06,5.48693e+09,9.47661e+06,6.36981e+09,9.16487e+09,0,0,
19.0737,1.517,52.9732,25.9837,0.0390625,0.413625,1.53698e+08,17152,5.2692e+06,5.02649e+06,5.48142e+09,9.55712e+06,6.44652e+09,9.0936e+09,0,0,
18.5032,1.25472,53.8601,25.9648,0.023375,0.393844,1.54788e+08,49152,5.28579e+06,5.07465e+06,5.49216e+09,9.63546e+06,6.52066e+09,9.00863e+09,0,0,
18.4885,1.35241,55.4955,24.1958,0.0272812,0.4405,1.53542e+08,51200,4.7578e+06,4.68522e+06,5.37169e+09,9.71443e+06,6.59708e+09,9.0526e+09,0,0,
18.8599,1.5645,55.2076,23.9272,0.0234375,0.417469,1.47297e+08,179456,5.82332e+06,6.03902e+06,5.31044e+09,9.7943e+06,6.67084e+09,9.04001e+09,0,0,
20.1836,1.48191,54.0619,23.8239,0.0390313,0.40975,1.46285e+08,114944,5.94082e+06,5.79614e+06,5.25621e+09,9.87584e+06,6.74051e+09,9.02448e+09,0,0,
21.0627,1.44438,54.3225,22.7654,0.0155625,0.389594,1.47591e+08,53760,5.49354e+06,4.95412e+06,5.17924e+09,9.95366e+06,6.81413e+09,9.02777e+09,0,0,
24.2458,1.73231,50.9564,22.6016,0.035125,0.428906,1.4211e+08,67328,5.02434e+06,5.27871e+06,5.11575e+09,1.00284e+07,6.88258e+09,9.02273e+09,0,0,
23.4847,1.60478,53.3133,21.2071,0.0195312,0.370813,1.31518e+08,261888,6.49725e+06,6.47826e+06,5.01179e+09,1.01029e+07,6.94831e+09,9.06088e+09,0,0,
23.888,1.578,52.6341,21.4632,0.0311562,0.405719,1.33494e+08,188416,5.39513e+06,5.45043e+06,4.88504e+09,1.01766e+07,7.01283e+09,9.12304e+09,0,0,
25.0125,1.74006,52.306,20.5199,0.0312187,0.390219,1.32012e+08,180224,5.81711e+06,5.44465e+06,4.77413e+09,1.02511e+07,7.07811e+09,9.1686e+09,0,0,
24.9111,1.69944,52.205,20.7366,0.0585938,0.389375,1.32581e+08,51712,5.40768e+06,5.65212e+06,4.76337e+09,1.03343e+07,7.14395e+09,9.11342e+09,0,0,
26.2664,1.43809,52.7587,19.1434,0.00390625,0.389594,1.24479e+08,192256,6.68371e+06,6.17457e+06,4.73581e+09,1.04024e+07,7.20406e+09,9.08082e+09,0,0,
31.1719,1.79634,48.661,17.9344,0.0351562,0.401312,1.18481e+08,294912,6.24051e+06,6.79714e+06,4.68833e+09,1.04686e+07,7.26205e+09,9.07024e+09,0,0,
27.96,1.55709,51.0971,18.9841,0.0390625,0.362906,1.06834e+08,60416,5.92129e+06,5.43714e+06,4.62254e+09,1.05277e+07,7.31325e+09,9.08477e+09,0,0,
23.0423,1.38078,56.877,18.3411,0.0195,0.339438,1.03622e+08,151808,5.87705e+06,5.83671e+06,4.61473e+09,1.05906e+07,7.36463e+09,9.04114e+09,0,0,
24.9022,1.60778,56.0284,17.0791,0.03125,0.351375,1.03584e+08,57600,6.78857e+06,5.94893e+06,4.50385e+09,1.06474e+07,7.41414e+09,9.10245e+09,0,0,
22.9026,1.47687,57.9021,17.3646,0.0154375,0.338438,1.05457e+08,188416,6.47606e+06,7.90691e+06,4.42433e+09,1.0706e+07,7.46644e+09,9.12961e+09,0,0,
23.8782,1.36153,58.559,15.8112,0.0351562,0.355125,9.78516e+07,230144,8.0226e+06,8.2415e+06,4.38024e+09,1.07601e+07,7.51363e+09,9.12645e+09,0,0,
24.8806,1.51419,57.8555,15.3912,0.0350625,0.323625,9.24099e+07,123136,5.71233e+06,5.92248e+06,4.3161e+09,1.08179e+07,7.55907e+09,9.14509e+09,0,0,
23.1951,1.4035,60.0691,15.0124,0.0078125,0.312125,9.06127e+07,185088,5.84352e+06,6.14355e+06,4.29638e+09,1.0874e+07,7.6034e+09,9.12043e+09,0,0,
22.4579,1.43316,62.6516,13.095,0.035125,0.327375,8.98289e+07,39680,6.19002e+06,6.47383e+06,4.1609e+09,1.09231e+07,7.6464e+09,9.21286e+09,0,0,
22.2216,1.37556,63.234,12.8179,0.023375,0.327562,8.67919e+07,99072,7.21363e+06,6.93871e+06,4.08024e+09,1.09687e+07,7.68912e+09,9.25076e+09,0,0,
19.3396,1.80844,65.6102,12.9261,0.0078125,0.307969,8.4983e+07,185856,7.21595e+06,7.07983e+06,4.06212e+09,1.10159e+07,7.72988e+09,9.22807e+09,0,0,
17.6177,1.05056,68.8084,12.2159,0.0350312,0.272656,7.57855e+07,263424,6.41004e+06,6.02038e+06,3.98878e+09,1.10615e+07,7.7663e+09,9.26494e+09,0,0,
13.3997,0.978781,73.0967,12.2439,0.0312187,0.249875,6.50427e+07,169216,5.02085e+06,4.70181e+06,3.95268e+09,1.11025e+07,7.79924e+09,9.26806e+09,0,0,
11.022,0.854531,76.2223,11.6283,0.015625,0.257437,6.64571e+07,64000,4.77674e+06,3.92535e+06,3.87698e+09,1.11396e+07,7.83129e+09,9.31168e+09,0,0,
8.91541,0.699,78.5715,11.5955,0.00390625,0.214781,6.80904e+07,50432,4.45286e+06,5.39147e+06,3.87607e+09,1.11757e+07,7.86334e+09,9.2805e+09,0,0,
9.55769,0.870344,77.9893,11.2707,0.0234375,0.288812,6.96468e+07,106240,5.43257e+06,6.26279e+06,3.78342e+09,1.12156e+07,7.8969e+09,9.33955e+09,0,0,
8.27372,0.710406,79.5092,11.2102,0.0273438,0.26925,6.93819e+07,158976,7.04829e+06,7.02759e+06,3.76411e+09,1.1259e+07,7.93062e+09,9.32509e+09,0,0,
8.23362,0.74925,78.9577,11.7435,0.015625,0.300531,7.11342e+07,74496,7.92655e+06,7.82966e+06,3.68922e+09,1.12975e+07,7.96392e+09,9.36664e+09,0,0,
9.16844,0.776563,78.7571,10.9858,0.0273438,0.284937,6.77327e+07,52224,8.38722e+06,8.43386e+06,3.63394e+09,1.13389e+07,7.99727e+09,9.38853e+09,0,0,
7.73984,0.784031,80.5494,10.5951,0.0351562,0.296469,6.69565e+07,29184,8.31013e+06,7.89993e+06,3.55857e+09,1.1376e+07,8.02905e+09,9.43209e+09,0,0,
8.21131,0.710094,80.65,10.1049,0.0273438,0.296469,6.7137e+07,50944,8.37234e+06,8.21327e+06,3.5418e+09,1.14221e+07,8.06157e+09,9.41629e+09,0,0,
10.1668,0.944562,79.1163,9.43272,0.0195312,0.320094,6.52815e+07,39680,7.5445e+06,8.54706e+06,3.41131e+09,1.14683e+07,8.09195e+09,9.51635e+09,0,0,
8.52937,0.878062,80.598,9.67469,0.0234375,0.296625,5.42244e+07,150784,8.80166e+06,8.64226e+06,3.22576e+09,1.15122e+07,8.11835e+09,9.67546e+09,0,0,
8.08291,0.725812,82.05,8.80581,0.0351562,0.300406,5.52079e+07,25088,9.13489e+06,8.37985e+06,3.15688e+09,1.15482e+07,8.14415e+09,9.71851e+09,0,0,
7.60247,0.807781,84.0164,7.23,0.0234375,0.320063,5.65757e+07,50432,9.66566e+06,1.01357e+07,3.06674e+09,1.15789e+07,8.17161e+09,9.78116e+09,0,0,
7.72122,0.79625,83.8138,7.31744,0.0390625,0.31225,5.44195e+07,69376,1.11519e+07,1.16702e+07,2.94394e+09,1.16125e+07,8.19746e+09,9.87807e+09,0,0,
7.73622,0.6675,84.248,7.04003,0.015625,0.292844,5.13508e+07,83712,1.36645e+07,1.0398e+07,2.91236e+09,1.16457e+07,8.22218e+09,9.8849e+09,0,0,
7.44416,0.799719,84.7988,6.63744,0.03125,0.288719,4.80824e+07,158976,1.07489e+07,9.99042e+06,2.76293e+09,1.16851e+07,8.24515e+09,1.00113e+10,0,0,
7.62562,0.726063,84.9946,6.38072,0.0273125,0.245906,4.61332e+07,142592,9.64782e+06,9.33798e+06,2.65841e+09,1.17206e+07,8.26657e+09,1.00944e+10,0,0,
6.42962,0.608688,87.6462,5.08141,0.0117188,0.222469,3.95218e+07,46592,6.34021e+06,8.76553e+06,2.55919e+09,1.17701e+07,8.28409e+09,1.0176e+10,0,0,
5.95138,0.593,88.6182,4.61119,0.03125,0.195031,3.69091e+07,145408,6.47713e+06,6.46577e+06,2.50148e+09,1.1823e+07,8.30161e+09,1.02162e+10,0,0,
6.16497,0.698344,88.394,4.5165,0.0273438,0.199,3.69032e+07,142592,7.64227e+06,7.94345e+06,2.4258e+09,1.18787e+07,8.31885e+09,1.02746e+10,0,0,
5.09975,0.523281,90.3293,3.83678,0.0117188,0.19925,3.51242e+07,147712,7.43715e+06,9.59051e+06,2.33864e+09,1.19351e+07,8.3355e+09,1.0345e+10,0,0,
4.35069,0.503219,90.9076,4.05547,0.0116875,0.171531,2.68544e+07,65536,9.00256e+06,9.30645e+06,2.30897e+09,1.19849e+07,8.3469e+09,1.03632e+10,0,0,
4.02194,0.409656,91.392,4.04763,0.0155937,0.113125,2.60495e+07,162304,6.16776e+06,5.30793e+06,2.28529e+09,1.20131e+07,8.35976e+09,1.0374e+10,0,0,
4.85331,0.480344,91.1982,3.35122,0.0078125,0.109313,2.2185e+07,172288,5.50027e+06,6.00536e+06,2.16151e+09,1.20484e+07,8.36952e+09,1.0488e+10,0,0,
3.65769,0.441094,92.7788,3.00166,0.0078125,0.113219,2.01344e+07,95232,3.72015e+06,4.54365e+06,2.12245e+09,1.20987e+07,8.37816e+09,1.05184e+10,0,0,
2.56884,0.339625,94.3759,2.61806,0.00390625,0.09375,2.08182e+07,156672,5.80455e+06,5.63409e+06,2.1305e+09,1.21284e+07,8.38831e+09,1.05001e+10,0,0,
2.36469,0.327875,95.08,2.12222,0.015625,0.0897187,2.14879e+07,43264,5.42055e+06,5.91076e+06,2.13271e+09,1.21407e+07,8.3972e+09,1.0489e+10,0,0,
2.32087,0.2965,95.0602,2.23678,0.00390625,0.0819375,1.63e+07,30976,5.40827e+06,4.00977e+06,2.1076e+09,1.21512e+07,8.40425e+09,1.05071e+10,0,0,
2.13247,0.25775,94.9552,2.58041,0.0078125,0.0664375,1.58592e+07,35584,2.72582e+06,2.89906e+06,2.10973e+09,1.21615e+07,8.41093e+09,1.04983e+10,896,0,
2.48259,0.29675,94.8171,2.32966,0.0117188,0.0624375,1.56933e+07,78080,3.27692e+06,3.29022e+06,2.11399e+09,1.21738e+07,8.41776e+09,1.04872e+10,0,0,
2.60375,0.292469,94.6307,2.37569,0.0234375,0.074125,1.60095e+07,49408,3.01055e+06,2.96013e+06,2.11741e+09,1.21894e+07,8.42525e+09,1.04762e+10,0,0,
2.7335,0.273313,94.8319,2.08722,0.00390625,0.0703437,1.59872e+07,36864,2.85531e+06,2.97394e+06,2.12059e+09,1.22011e+07,8.43176e+09,1.04665e+10,0,0,
2.21359,0.269375,95.2657,2.17331,0.0078125,0.0702813,1.59086e+07,25344,3.19988e+06,3.07105e+06,2.12726e+09,1.22109e+07,8.43898e+09,1.04526e+10,0,0,
2.83744,0.269312,94.7219,2.06622,0.0117188,0.093625,1.53126e+07,111616,4.22117e+06,3.09742e+06,2.12997e+09,1.22234e+07,8.44501e+09,1.04439e+10,0,0,
2.81444,0.33575,94.4532,2.29525,0.0117188,0.0898125,1.43601e+07,76544,5.12684e+06,1.8588e+06,2.12706e+09,1.22373e+07,8.45112e+09,1.04407e+10,0,0,
2.37022,0.335688,95.0431,2.16131,0.0078125,0.0819688,1.60417e+07,55296,3.27675e+06,2.81332e+06,2.06052e+09,1.2251e+07,8.45813e+09,1.05002e+10,0,0,
2.05163,0.296531,95.3599,2.20634,0.00390625,0.0819375,1.45723e+07,28416,2.8534e+06,2.92233e+06,2.06331e+09,1.22619e+07,8.46448e+09,1.0491e+10,0,0,
1.94375,0.245969,95.922,1.81025,0.015625,0.0625,1.55348e+07,34816,2.78126e+06,2.60906e+06,2.0657e+09,1.22762e+07,8.47102e+09,1.04821e+10,0,0,
1.71231,0.249812,96.046,1.92572,0.00390625,0.0624375,1.53974e+07,25344,2.7799e+06,2.86995e+06,2.07569e+09,1.22879e+07,8.47783e+09,1.04653e+10,0,0,
1.94684,0.277094,95.5761,2.08694,0.0234375,0.08975,1.51654e+07,43776,2.88687e+06,2.76211e+06,2.07827e+09,1.2302e+07,8.48459e+09,1.04559e+10,0,0,
2.00616,0.277188,95.0816,2.57262,0.00390625,0.0585625,1.63996e+07,56064,3.17161e+06,2.86597e+06,2.08168e+09,1.23163e+07,8.49154e+09,1.04456e+10,0,0,
2.03012,0.269437,94.9805,2.61844,0.0078125,0.0936875,1.58894e+07,17920,3.0438e+06,3.13556e+06,2.08583e+09,1.23261e+07,8.4987e+09,1.04342e+10,0,0,
2.51206,0.26925,95.2862,1.85069,0.0078125,0.0740937,1.64687e+07,19456,3.30668e+06,3.16151e+06,2.08821e+09,1.23375e+07,8.50601e+09,1.04245e+10,0,0,
3.05966,0.386469,94.9232,1.52159,0.0117188,0.0975938,1.74162e+07,19968,3.40701e+06,3.48941e+06,2.02383e+09,1.23503e+07,8.51329e+09,1.04816e+10,0,0,
2.50794,0.328094,95.4862,1.58794,0.0078125,0.0820937,1.62555e+07,59648,3.44213e+06,3.64053e+06,2.02872e+09,1.23649e+07,8.52044e+09,1.04696e+10,0,0,
3.17738,0.304219,94.7113,1.70191,0.0195312,0.08575,1.6043e+07,56832,3.47873e+06,3.62599e+06,2.03305e+09,1.23788e+07,8.52701e+09,1.04586e+10,0,0,
3.27569,0.370969,94.7395,1.48128,0.015625,0.117125,1.44573e+07,20224,4.02492e+06,4.72697e+06,2.00183e+09,1.23891e+07,8.53361e+09,1.04833e+10,0,0,
2.28806,0.296656,96.0794,1.20697,0.00390625,0.124938,1.3889e+07,27648,4.30623e+06,4.44825e+06,2.00875e+09,1.23986e+07,8.53935e+09,1.04706e+10,0,0,
2.66272,0.280969,95.6037,1.3125,0.0155937,0.12475,1.50318e+07,19200,4.33044e+06,5.1204e+06,1.96562e+09,1.24087e+07,8.54554e+09,1.05075e+10,0,0,
2.33788,0.277062,96.2471,1.03266,0.015625,0.0898125,1.12599e+07,46080,4.1341e+06,4.34043e+06,1.96535e+09,1.24202e+07,8.55038e+09,1.05029e+10,0,0,
1.67209,0.250063,96.66,1.33984,0.0078125,0.0703125,1.15825e+07,110336,2.52223e+06,2.44942e+06,1.94416e+09,1.24338e+07,8.55514e+09,1.05194e+10,0,0,
1.6115,0.203031,97.0386,1.06513,0,0.0819688,1.04097e+07,44800,2.30453e+06,2.37936e+06,1.94842e+09,1.24411e+07,8.55935e+09,1.05109e+10,0,0,
1.66487,0.21075,96.7669,1.27187,0.0116875,0.074,1.1318e+07,38400,2.30683e+06,2.29669e+06,1.95118e+09,1.24588e+07,8.56395e+09,1.05035e+10,0,0,
1.45597,0.218656,97.1355,1.11584,0.00390625,0.0702813,1.06614e+07,99072,2.45708e+06,2.30727e+06,1.95708e+09,1.24669e+07,8.56829e+09,1.04932e+10,0,0,
1.56866,0.214625,96.8016,1.345,0.0078125,0.0624375,1.15924e+07,45568,2.49226e+06,2.56272e+06,1.96251e+09,1.24792e+07,8.57299e+09,1.04831e+10,0,0,
1.65069,0.242063,96.6381,1.37956,0.015625,0.074125,1.13231e+07,75520,2.74693e+06,2.78983e+06,1.96498e+09,1.24905e+07,8.57755e+09,1.04761e+10,0,0,
1.52256,0.19525,97.0559,1.16778,0,0.0585625,1.20189e+07,40704,2.94534e+06,2.84505e+06,1.96797e+09,1.24991e+07,8.58232e+09,1.04683e+10,0,0,
1.43694,0.210906,96.8642,1.41391,0.0078125,0.066375,1.13359e+07,60672,2.74006e+06,2.82174e+06,1.9695e+09,1.25076e+07,8.58683e+09,1.04623e+10,0,0,
1.59991,0.241969,96.7926,1.2915,0.015625,0.0585,1.22056e+07,96000,2.81361e+06,2.73999e+06,1.97209e+09,1.25188e+07,8.59219e+09,1.04543e+10,0,0,
1.71988,0.292594,96.6354,1.30156,0,0.0507187,1.15003e+07,56320,2.97643e+06,3.03821e+06,1.97641e+09,1.25327e+07,8.59661e+09,1.04455e+10,0,0,
2.27203,0.226469,95.7479,1.69891,0.00390625,0.0507812,1.2514e+07,64512,2.93294e+06,2.95548e+06,1.97978e+09,1.25549e+07,8.60205e+09,1.04367e+10,0,0,
2.38637,0.269469,96.1009,1.18488,0.0078125,0.05075,1.12236e+07,18944,2.99745e+06,2.91817e+06,1.98339e+09,1.25631e+07,8.60699e+09,1.04281e+10,0,0,
2.32881,0.253656,96.3621,0.985375,0.0078125,0.0624688,1.26034e+07,66048,2.93786e+06,2.94926e+06,1.98654e+09,1.2571e+07,8.61203e+09,1.04199e+10,0,0,
1.92834,0.25375,96.7188,1.04066,0.0078125,0.0507187,1.08483e+07,64512,970240,2.57404e+06,1.96134e+09,1.25814e+07,8.61615e+09,1.0441e+10,0,0,
1.91156,0.226312,96.7531,1.03125,0.0117188,0.0662812,1.10894e+07,110336,1.47315e+06,2.26212e+06,1.96478e+09,1.25957e+07,8.62079e+09,1.04329e+10,0,0,
1.74834,0.245937,96.3653,1.57028,0.0116875,0.0585313,1.10467e+07,48896,2.3502e+06,2.65796e+06,1.96813e+09,1.26076e+07,8.62519e+09,1.04252e+10,0,0,
1.54581,0.249844,97.1003,1.02219,0.0117188,0.0702813,1.14534e+07,16896,2.70124e+06,2.72765e+06,1.97351e+09,1.26156e+07,8.62985e+09,1.04151e+10,0,0,
1.71209,0.206875,97.1838,0.827156,0.0078125,0.0624375,1.12379e+07,12800,2.7234e+06,2.7306e+06,1.97483e+09,1.26225e+07,8.63458e+09,1.04091e+10,0,0,
1.66678,0.234281,96.7764,1.27191,0,0.0507812,1.15538e+07,41728,2.60522e+06,2.43405e+06,1.97964e+09,1.26322e+07,8.63928e+09,1.03995e+10,0,0,
1.9015,0.234281,96.7902,1.03113,0.00390625,0.0390625,1.06596e+07,27136,2.26859e+06,2.37408e+06,1.98485e+09,1.26419e+07,8.64353e+09,1.03901e+10,0,0,
1.76063,0.218625,97.1391,0.807656,0.0117188,0.0625,1.1447e+07,47104,2.49382e+06,2.73233e+06,1.98672e+09,1.26546e+07,8.64807e+09,1.03836e+10,0,0,
1.65997,0.234375,97.0188,1.01656,0.0078125,0.0624688,1.13961e+07,25600,2.90103e+06,2.91749e+06,1.98805e+09,1.26629e+07,8.65256e+09,1.03778e+10,0,0,
1.64644,0.241969,96.8488,1.18487,0.0117188,0.0663125,1.20576e+07,10752,2.92227e+06,2.91025e+06,1.98907e+09,1.26794e+07,8.65752e+09,1.03718e+10,0,0,
1.60394,0.206844,96.9644,1.143,0.0078125,0.0741563,1.14583e+07,7680,2.82293e+06,2.86221e+06,1.99024e+09,1.26918e+07,8.66223e+09,1.03659e+10,0,0,
1.64675,0.214687,97.0343,1.04184,0.0078125,0.0546563,1.10477e+07,48896,2.8181e+06,2.60407e+06,1.99066e+09,1.27035e+07,8.66696e+09,1.03608e+10,0,0,
2.23,0.261594,96.3682,1.06238,0.0078125,0.0702813,1.18136e+07,49152,2.62473e+06,2.6694e+06,1.99298e+09,1.27164e+07,8.6715e+09,1.03539e+10,0,0,
2.51791,0.253563,96.477,0.661937,0.0117188,0.0779688,1.25775e+07,14848,2.79879e+06,3.06436e+06,1.9956e+09,1.2726e+07,8.67653e+09,1.03462e+10,0,0,
2.34197,0.206875,97.1387,0.242344,0.0078125,0.0624375,6.46528e+06,16128,3.04102e+06,2.781e+06,1.99599e+09,1.2732e+07,8.6789e+09,1.03435e+10,0,0,
2.14416,0.265531,97.177,0.335375,0.0078125,0.0702813,3.6841e+06,9216,2.75658e+06,1.93866e+06,2.00005e+09,1.27379e+07,8.67957e+09,1.03387e+10,0,0,
4.55356,0.498562,94.4521,0.410031,0.00390625,0.0819062,5.1095e+06,63488,2.1409e+06,1.82563e+06,1.9044e+09,1.27521e+07,8.68113e+09,1.04328e+10,0,0,
38.3517,1.78391,59.5087,0.232687,0.0145312,0.108469,2.18496e+06,101120,1.24674e+06,60936.1,1.84809e+09,1.27777e+07,8.68109e+09,1.04891e+10,0,0,
33.5904,2.09262,63.997,0.206844,0.00390625,0.109344,2.35853e+06,53504,95805.7,113506,1.40435e+09,1.27891e+07,8.68105e+09,1.09329e+10,0,0,
3.52144,0.68275,95.6633,0.0898125,0.00390625,0.0390625,2.18701e+06,36096,60782.1,90481.3,1.03843e+09,1.27928e+07,8.68101e+09,1.12989e+10,0,0,
0.136531,0.0780938,99.6762,0.0976562,0.00390625,0.0078125,2.05235e+06,112640,104564,110651,1.0298e+09,1.27995e+07,8.68117e+09,1.13073e+10,0,0,
0.0820625,0.0351562,99.6763,0.198844,0,0.0078125,2.33216e+06,503808,95746.1,118816,1.02941e+09,1.28129e+07,8.68127e+09,1.13076e+10,0,0,
0.066375,0.0741875,99.7619,0.0820312,0,0.015625,1.85318e+06,669184,34680.4,25949.4,1.02921e+09,1.28215e+07,8.68114e+09,1.13079e+10,0,0,
0.496,0.09375,99.2778,0.116937,0.00390625,0.0117188,1.93306e+06,136704,37708.6,26366.9,1.03059e+09,1.2831e+07,8.68115e+09,1.13065e+10,0,0,
0.855437,0.0703125,98.6881,0.362875,0.0117188,0.0117188,2.00064e+06,53504,9730.66,2687.25,1.03198e+09,1.28399e+07,8.68116e+09,1.13051e+10,0,0,
0.970469,0.08975,98.3273,0.585313,0.0117188,0.015625,2.32909e+06,82944,62556.6,49572.2,1.03424e+09,1.28586e+07,8.68123e+09,1.13028e+10,0,0,
0.717906,0.105406,98.8644,0.296687,0,0.015625,2.16781e+06,163584,81507.1,23906.8,1.01985e+09,1.28759e+07,8.68122e+09,1.13171e+10,0,0,
0.561875,0.0702813,98.9503,0.398156,0.00390625,0.015625,2.16141e+06,208128,76018.2,5607.53,1.02015e+09,1.28984e+07,8.68088e+09,1.13172e+10,0,0,
0.671875,0.0585938,98.8051,0.437219,0.0078125,0.0195312,2.43226e+06,132352,120312,5573.31,1.02037e+09,1.29144e+07,8.68099e+09,1.13168e+10,0,0,
0.874906,0.0703125,98.5908,0.448719,0,0.015625,2.38874e+06,72448,46595.1,4027.12,1.02272e+09,1.29309e+07,8.68113e+09,1.13143e+10,0,0,
0.1795,0.0625,99.6684,0.0780938,0.00390625,0.0078125,1.72339e+06,171264,23659,10096,1.02202e+09,1.29362e+07,8.68107e+09,1.13151e+10,0,0,
1.35009,0.741656,97.8029,0.082,0,0.0234375,1.8217e+06,119296,4379.22,14664.1,1.02537e+09,1.29542e+07,8.68101e+09,1.13117e+10,0,0,
10.6907,12.8842,76.0274,0.257625,0.0116875,0.128688,2.17958e+06,333824,232453,228312,1.07166e+09,1.30068e+07,8.68134e+09,1.12651e+10,0,0,
37.0002,7.72584,55.0649,0.05075,0.00375,0.154812,2.24614e+06,125696,156372,134668,1.20404e+09,1.30104e+07,8.68154e+09,1.11325e+10,0,0,
50.7843,1.68434,47.4428,0.0663438,0,0.0222187,2.12147e+06,114432,48149.7,47935.1,1.31887e+09,1.30147e+07,8.68158e+09,1.10176e+10,0,0,
50.5954,2.09494,47.1468,0.136594,0.00390625,0.0223437,2.26893e+06,401408,6231.62,6125.75,1.43793e+09,1.30255e+07,8.68162e+09,1.08985e+10,0,0,
49.986,2.07044,47.8438,0.042875,0.00390625,0.0531875,2.38387e+06,520960,11444.6,10087.9,1.566e+09,1.30364e+07,8.68177e+09,1.07703e+10,0,0,
48.5932,1.33163,50.0114,0.0311562,0.0078125,0.0249062,2.25229e+06,292096,17667.4,17867.5,1.61227e+09,1.30476e+07,8.68186e+09,1.07239e+10,0,0,
45.2183,1.55866,53.1727,0.0195312,0.0155312,0.015625,1.98477e+06,90112,12019.1,11975.3,1.61895e+09,1.3058e+07,8.68188e+09,1.07172e+10,0,0,
39.1559,2.52044,58.2106,0.046875,0.0078125,0.0585625,1.68806e+06,37120,24243.2,27841.5,1.61915e+09,1.30697e+07,8.68176e+09,1.07171e+10,0,0,
23.0894,2.52912,74.1277,0.175687,0.015625,0.0625,1.90182e+06,200192,56719.5,70368.4,1.34283e+09,1.3088e+07,8.68173e+09,1.09934e+10,0,0,
3.06041,0.737719,95.5619,0.612812,0.00390625,0.0234375,2.31757e+06,246528,59422,59790.9,1.02652e+09,1.31332e+07,8.68152e+09,1.13099e+10,0,0,
0.479969,0.109313,98.8291,0.577875,0,0.00390625,2.73485e+06,172800,3224.91,5130.81,1.02814e+09,1.31764e+07,8.68177e+09,1.1308e+10,0,0,
0.890531,0.0975938,98.2239,0.784156,0.00390625,0,2.68723e+06,72448,2347.16,2085.09,1.03003e+09,1.32308e+07,8.68193e+09,1.13059e+10,0,0,
1.03791,0.085875,98.1308,0.729937,0.0078125,0.0078125,2.51059e+06,11776,784.812,1309.06,1.03163e+09,1.32765e+07,8.68217e+09,1.1304e+10,0,0,
0.765562,0.101531,98.7037,0.413563,0.0117188,0.00390625,2.18496e+06,96000,1683.41,1924.91,1.03244e+09,1.33132e+07,8.68216e+09,1.13032e+10,0,0,
0.721938,0.109313,98.728,0.425344,0.00390625,0.0117188,2.18086e+06,169472,71213.7,69470.2,1.02688e+09,1.33537e+07,8.68225e+09,1.13086e+10,0,0,
