"total cpu usage",,,,,,"dsk/total",,"net/total",,"memory usage",,,,"paging",,"swap",
"usr","sys","idl","wai","hiq","siq","read","writ","recv","send","used","buff","cach","free","in","out","used","free"
0.0742188,0.39025,96.8466,2.65003,0,0.0390313,3.01338e+06,156928,4645.34,2055.62,1.0676e+09,2.16614e+06,4.36213e+08,1.95251e+10,0,0,6.83315e+06,2.14693e+10,
0.0585313,0.569813,97.041,2.27997,0.00390625,0.046875,1.94688e+06,229632,10906.5,832.469,1.06246e+09,2.2697e+06,5.44593e+07,1.99119e+10,0,0,6.83315e+06,2.14693e+10,
0.125062,0.11325,97.1303,2.60412,0.00390625,0.0234375,2.66214e+06,40960,50996.6,50551.9,1.06261e+09,2.41882e+06,5.45032e+07,1.99115e+10,0,0,6.83315e+06,2.14693e+10,
0.171781,0.117156,97.4088,2.24784,0.0078125,0.0468438,2.29222e+06,231424,79466,66379.6,1.06245e+09,2.54234e+06,5.47196e+07,1.99114e+10,0,0,6.83315e+06,2.14693e+10,
0.518437,0.12875,96.7494,2.56053,0.00390625,0.039,3.04154e+06,492544,162012,62907.6,1.06382e+09,2.68186e+06,5.52828e+07,1.99093e+10,0,0,6.83315e+06,2.14693e+10,
0.766531,0.132781,96.4315,2.63422,0.00390625,0.03125,2.56589e+06,73728,224220,20870.7,1.06548e+09,2.82598e+06,5.55903e+07,1.99072e+10,0,0,6.83315e+06,2.14693e+10,
0.878031,0.15225,96.0931,2.83381,0.00390625,0.0390625,2.51622e+06,314112,171190,7599.81,1.06744e+09,2.96934e+06,5.58198e+07,1.99049e+10,0,0,6.83315e+06,2.14693e+10,
0.480469,0.105469,97.1045,2.27075,0,0.0390625,1.4144e+06,122624,191882,8978.41,1.06771e+09,3.08582e+06,5.55204e+07,1.99048e+10,0,0,6.83315e+06,2.14693e+10,
0.623563,0.0936875,97.0883,2.16734,0,0.0273438,3.0103e+06,110080,139854,9302.75,1.06783e+09,3.2096e+06,5.59164e+07,1.99041e+10,0,0,6.83315e+06,2.14693e+10,
0.675781,0.105438,97.1649,2.015,0.00390625,0.0351562,1.76051e+06,125696,79572.8,5949.78,1.06843e+09,3.38189e+06,5.58545e+07,1.99034e+10,0,0,6.83315e+06,2.14693e+10,
0.706219,0.121031,97.3901,1.73606,0,0.0468438,2.44736e+06,25600,105058,5068.84,1.06927e+09,3.50029e+06,5.59602e+07,1.99024e+10,0,0,6.83315e+06,2.14693e+10,
1.0315,0.0896563,97.3699,1.47778,0,0.03125,1.97606e+06,191232,94871.5,4430.38,1.07096e+09,3.57402e+06,5.59501e+07,1.99006e+10,0,0,6.83315e+06,2.14693e+10,
1.04953,0.0624688,97.6533,1.20747,0,0.0273438,2.85645e+06,37120,105425,26908.8,1.07105e+09,3.64531e+06,5.63027e+07,1.99001e+10,0,0,6.83315e+06,2.14693e+10,
0.242219,0.066375,98.4548,1.20562,0.00390625,0.0273125,2.81216e+06,191488,10845.2,15985.9,1.07106e+09,3.73299e+06,5.66444e+07,1.98996e+10,0,0,6.83315e+06,2.14693e+10,
0.351188,0.0703125,98.2351,1.31228,0,0.03125,2.27533e+06,91136,599.312,747.781,1.07106e+09,3.80864e+06,5.66959e+07,1.98995e+10,0,0,6.83315e+06,2.14693e+10,
9.98341,4.29919,70.917,14.4611,0.035125,0.304344,2.42714e+06,98560,1.17137e+06,205586,1.10494e+09,4.08346e+06,5.90569e+07,1.9863e+10,0,0,6.83315e+06,2.14693e+10,
10.1429,20.9033,51.6687,17.0784,0.0117188,0.195094,2.57536e+06,347904,2.35327e+06,372439,1.15031e+09,4.19661e+06,6.11112e+07,1.98155e+10,0,0,6.83315e+06,2.14693e+10,
37.6357,14.2351,38.4612,9.15191,0.0309687,0.485156,2.3063e+06,236544,2.25843e+06,317085,1.28864e+09,4.38874e+06,6.3899e+07,1.96742e+10,0,0,6.83315e+06,2.14693e+10,
68.966,5.95816,14.0622,10.7265,0.019125,0.268156,2.68518e+06,263424,3.2774e+06,288511,1.50822e+09,4.55731e+06,6.66803e+07,1.94516e+10,0,0,6.83315e+06,2.14693e+10,
91.5802,2.92003,3.76094,1.55016,0.0148125,0.173719,2.05824e+06,921856,2.29897e+06,119279,1.69287e+09,4.59661e+06,6.82093e+07,1.92654e+10,0,0,6.83315e+06,2.14693e+10,
85.8065,4.21741,3.80525,5.87209,0.0155312,0.283219,2.73434e+06,1.47507e+06,2.61159e+06,124750,1.92044e+09,4.6441e+06,7.14381e+07,1.90346e+10,0,0,6.83315e+06,2.14693e+10,
71.5139,3.48,8.14287,16.5487,0.0165937,0.298094,3.48339e+06,130560,3.26124e+06,154929,2.09801e+09,4.72576e+06,7.52906e+07,1.88531e+10,0,0,6.83315e+06,2.14693e+10,
91.6527,2.62297,1.93259,3.61103,0.00634375,0.174344,6.74995e+06,27392,2.5322e+06,130834,2.27763e+09,4.77747e+06,7.94596e+07,1.86692e+10,0,0,6.83315e+06,2.14693e+10,
91.8282,2.87259,2.22931,2.79244,0.0152187,0.262313,9.24902e+06,124928,1.9749e+06,110977,2.39472e+09,4.84173e+06,8.64387e+07,1.85451e+10,0,0,6.83315e+06,2.14693e+10,
80.612,5.12213,7.27059,6.62466,0.0386563,0.331875,1.86798e+07,721664,3.20148e+06,177008,2.65329e+09,4.9303e+06,1.00679e+08,1.82722e+10,0,0,6.83315e+06,2.14693e+10,
65.0459,6.93072,13.8866,13.7403,0.0116562,0.38475,8.76493e+07,1.2777e+06,1.90909e+06,313044,3.30752e+09,5.10886e+06,1.48623e+08,1.75698e+10,0,0,6.83315e+06,2.14693e+10,
52.1448,5.80556,18.5324,22.9562,0.0273438,0.533813,1.72415e+08,346880,840734,363061,4.03468e+09,5.24467e+06,2.3835e+08,1.67528e+10,0,0,6.83315e+06,2.14693e+10,
38.8235,2.75769,25.3741,32.4638,0.0351562,0.545969,1.97886e+08,520448,287435,138571,4.22752e+09,5.35488e+06,3.39464e+08,1.64587e+10,0,0,6.83315e+06,2.14693e+10,
36.7494,2.07381,25.903,34.6851,0.046875,0.541969,2.04203e+08,330240,71566.1,44090.5,4.32493e+09,5.46266e+06,4.39667e+08,1.6261e+10,0,0,6.83315e+06,2.14693e+10,
35.3631,1.56478,29.8711,32.6547,0.015625,0.530687,2.05569e+08,311040,8653.75,13892,4.35131e+09,5.56506e+06,5.41524e+08,1.61327e+10,0,0,6.83315e+06,2.14693e+10,
35.4886,1.79481,30.2565,31.9647,0.0195312,0.475969,1.93394e+08,367616,26698.9,11188.8,4.31282e+09,5.67091e+06,6.3868e+08,1.60739e+10,0,0,6.83315e+06,2.14693e+10,
30.1184,1.94328,33.7214,33.702,0.0273438,0.487812,1.96773e+08,185088,44824.9,27823,4.35818e+09,5.77178e+06,7.34898e+08,1.59322e+10,0,0,6.83315e+06,2.14693e+10,
25.4047,1.98784,38.7773,33.3627,0.0195312,0.448031,1.92802e+08,174848,26015.3,11176.8,4.47708e+09,5.872e+06,8.3114e+08,1.5717e+10,0,0,6.83315e+06,2.14693e+10,
24.6739,2.18928,38.9355,33.7448,0.035125,0.421438,1.89875e+08,61696,68434.4,48341.4,4.50743e+09,5.97158e+06,9.22586e+08,1.55951e+10,0,0,6.83315e+06,2.14693e+10,
24.1806,2.50597,42.1133,30.7357,0.0273438,0.437156,1.79665e+08,104960,155304,197917,4.1996e+09,6.07104e+06,1.00746e+09,1.58179e+10,0,0,6.83315e+06,2.14693e+10,
25.906,4.51941,47.7262,21.455,0.0193437,0.373812,1.21463e+08,213248,324132,253761,3.19529e+09,6.15603e+06,1.06388e+09,1.67658e+10,0,0,6.83315e+06,2.14693e+10,
39.1419,2.91469,42.1772,15.4787,0.0272187,0.260437,8.91983e+07,317440,220657,351413,3.04167e+09,6.25088e+06,1.10602e+09,1.68771e+10,0,0,6.83315e+06,2.14693e+10,
50.5608,3.948,32.1286,13.0567,0.0507187,0.255344,8.16108e+07,180992,180545,225286,2.81038e+09,6.3296e+06,1.14382e+09,1.70706e+10,0,0,6.83315e+06,2.14693e+10,
61.0298,3.99812,27.7162,7.01197,0.01925,0.224625,5.75363e+07,227584,222187,196250,2.33894e+09,6.3936e+06,1.16992e+09,1.75158e+10,0,0,6.83315e+06,2.14693e+10,
69.2309,5.76387,20.6388,4.19547,0,0.171,3.58477e+07,449792,211414,207241,2.15072e+09,6.48282e+06,1.18595e+09,1.76879e+10,0,0,6.83315e+06,2.14693e+10,
83.0833,4.63625,9.50769,2.57163,0.0227187,0.178531,3.68261e+07,620800,167805,141006,2.08217e+09,6.57626e+06,1.20233e+09,1.774e+10,0,0,6.83315e+06,2.14693e+10,
89.4027,5.62031,4.26259,0.501906,0.0115937,0.201063,4.24292e+07,646400,178942,157429,2.17784e+09,6.66227e+06,1.22285e+09,1.76237e+10,0,0,6.83315e+06,2.14693e+10,
92.7378,4.68762,1.77116,0.504313,0.0542813,0.244844,7.53144e+07,358400,88663,91099.8,2.47805e+09,6.74688e+06,1.2599e+09,1.72864e+10,0,0,6.83315e+06,2.14693e+10,
90.9301,5.05016,2.0255,1.61862,0.023375,0.352281,1.06384e+08,544512,126734,104390,2.83664e+09,6.83482e+06,1.31367e+09,1.68739e+10,0,0,6.83315e+06,2.14693e+10,
84.9181,4.76306,4.74878,5.13669,0.0496875,0.383625,1.26582e+08,506112,242801,177229,3.08844e+09,6.95578e+06,1.37887e+09,1.65568e+10,0,0,6.83315e+06,2.14693e+10,
76.4544,4.68172,8.76897,9.64378,0.0388437,0.412438,1.41393e+08,315392,241761,168141,3.28955e+09,7.07046e+06,1.44875e+09,1.62857e+10,0,0,6.83315e+06,2.14693e+10,
68.3943,4.29869,12.7555,14.0162,0.0345937,0.500625,1.64491e+08,557568,232566,158397,3.43081e+09,7.1936e+06,1.53024e+09,1.60628e+10,0,0,6.83315e+06,2.14693e+10,
62.1003,4.05428,15.9198,17.3329,0.0540313,0.538562,1.82408e+08,314368,292517,163463,3.59184e+09,7.31366e+06,1.62453e+09,1.58074e+10,0,0,6.83315e+06,2.14693e+10,
57.4357,3.79069,18.3847,19.7812,0.0506562,0.557188,1.94134e+08,388864,250409,103491,3.75133e+09,7.42874e+06,1.71999e+09,1.55523e+10,0,0,6.83315e+06,2.14693e+10,
49.5708,3.65834,24.1988,21.9724,0.0508125,0.549,1.99315e+08,211200,137557,170874,3.7429e+09,7.55174e+06,1.81917e+09,1.54615e+10,0,0,6.83315e+06,2.14693e+10,
47.1449,3.64341,26.189,22.483,0.0311562,0.508656,1.77863e+08,233984,211589,220781,3.49716e+09,7.65939e+06,1.90796e+09,1.56183e+10,0,0,6.83315e+06,2.14693e+10,
50.1873,4.06062,26.8549,18.3322,0.0584687,0.506594,1.69359e+08,491776,217538,214259,3.17156e+09,7.75693e+06,1.98686e+09,1.58649e+10,0,0,6.83315e+06,2.14693e+10,
58.2786,4.42825,21.9868,14.8113,0.0234375,0.471594,1.40716e+08,212480,241946,249411,2.90046e+09,7.85229e+06,2.05615e+09,1.60666e+10,0,0,6.83315e+06,2.14693e+10,
62.9865,4.64209,20.5604,11.328,0.0418125,0.441125,1.32639e+08,234240,225983,232558,2.78405e+09,7.95981e+06,2.11942e+09,1.61196e+10,0,0,6.83315e+06,2.14693e+10,
68.9325,4.08306,16.3193,10.2533,0.0505312,0.3615,1.03517e+08,273408,205837,173498,2.77374e+09,8.04595e+06,2.17056e+09,1.60787e+10,0,0,6.83315e+06,2.14693e+10,
71.2642,4.33713,16.6631,7.37566,0.0233125,0.336625,9.61414e+07,661504,205078,205772,2.6564e+09,8.13184e+06,2.21613e+09,1.61504e+10,0,0,6.83315e+06,2.14693e+10,
75.264,4.30778,14.8048,5.22763,0.0543125,0.341469,8.58504e+07,474624,245341,193606,2.52137e+09,8.22554e+06,2.25653e+09,1.6245e+10,0,0,6.83315e+06,2.14693e+10,
80.8121,4.49794,10.6721,3.6065,0.0309375,0.38075,1.05871e+08,416512,198750,176904,2.61808e+09,8.30387e+06,2.30864e+09,1.60961e+10,0,0,6.83315e+06,2.14693e+10,
80.4029,4.75312,10.0834,4.27059,0.034875,0.45525,1.24354e+08,264704,214871,182260,2.75186e+09,8.39488e+06,2.37082e+09,1.59e+10,0,0,6.83315e+06,2.14693e+10,
79.9149,4.82703,10.2522,4.506,0.0652813,0.434656,1.38544e+08,470272,250469,189245,2.9004e+09,8.4896e+06,2.43964e+09,1.56826e+10,0,0,6.83315e+06,2.14693e+10,
76.2039,4.45263,12.2879,6.48828,0.045375,0.521875,1.59854e+08,625920,221554,219260,2.98622e+09,8.60186e+06,2.51931e+09,1.5517e+10,0,0,6.83315e+06,2.14693e+10,
72.1855,4.52406,13.8838,8.84572,0.0506875,0.510312,1.62039e+08,654848,219922,182622,3.0776e+09,8.70579e+06,2.59986e+09,1.53449e+10,0,0,6.83315e+06,2.14693e+10,
68.3789,4.30316,17.1497,9.55487,0.0468125,0.566438,1.74921e+08,421120,300297,218698,3.1271e+09,8.8073e+06,2.68649e+09,1.52087e+10,0,0,6.83315e+06,2.14693e+10,
64.9649,4.81734,20.3778,9.23944,0.058375,0.542062,1.69883e+08,322816,233991,230067,3.08134e+09,8.91046e+06,2.77063e+09,1.51702e+10,0,0,6.83315e+06,2.14693e+10,
64.5206,4.34616,19.8366,10.6313,0.058375,0.606969,1.68592e+08,492544,239196,254057,2.99368e+09,9.01517e+06,2.85505e+09,1.51733e+10,0,0,6.83315e+06,2.14693e+10,
67.7076,4.34469,18.2607,9.10419,0.0544063,0.528344,1.57574e+08,493312,251182,240927,2.93556e+09,9.12038e+06,2.93096e+09,1.51554e+10,128,0,6.83315e+06,2.14693e+10,
68.5706,4.22734,17.3868,9.30972,0.0418437,0.46375,1.26386e+08,567808,212831,231626,2.82808e+09,9.21536e+06,2.99229e+09,1.52015e+10,0,0,6.83315e+06,2.14693e+10,
68.8409,4.36194,18.9391,7.36116,0.062,0.434813,1.18484e+08,459776,207923,176843,2.74062e+09,9.30509e+06,3.05037e+09,1.52308e+10,0,0,6.83315e+06,2.14693e+10,
73.914,4.77941,16.0427,4.73969,0.035,0.48925,1.29285e+08,200704,238777,212045,2.72184e+09,9.39456e+06,3.1134e+09,1.51865e+10,0,0,6.83315e+06,2.14693e+10,
74.2776,4.70619,15.6778,4.82313,0.050625,0.464969,1.31813e+08,592384,238654,253162,2.7314e+09,9.47853e+06,3.17781e+09,1.51124e+10,0,0,6.83315e+06,2.14693e+10,
72.1887,4.32672,17.1569,5.81284,0.0350937,0.479719,1.28869e+08,664320,237551,370250,2.69287e+09,9.56723e+06,3.2412e+09,1.50874e+10,0,0,6.83315e+06,2.14693e+10,
71.277,4.28797,18.2807,5.63162,0.065375,0.457625,1.28166e+08,391424,206882,193507,2.75797e+09,9.66362e+06,3.30476e+09,1.49587e+10,0,0,6.83315e+06,2.14693e+10,
69.8564,4.46791,19.5084,5.58703,0.0624688,0.517781,1.36767e+08,475648,192511,216397,2.79802e+09,9.76755e+06,3.37189e+09,1.48514e+10,0,0,6.83315e+06,2.14693e+10,
69.556,4.27438,21.2355,4.34981,0.0427812,0.5415,1.52729e+08,342272,218852,224091,2.79817e+09,9.86458e+06,3.44799e+09,1.47751e+10,0,0,6.83315e+06,2.14693e+10,
69.534,4.1535,19.7203,6.06413,0.0384687,0.489563,1.36622e+08,342528,251513,215052,2.83052e+09,9.9497e+06,3.51494e+09,1.46757e+10,0,0,6.83315e+06,2.14693e+10,
66.6934,4.26569,23.0815,5.39981,0.0653438,0.494375,1.24497e+08,582912,227181,275237,2.76908e+09,1.00269e+07,3.57635e+09,1.46756e+10,0,0,6.83315e+06,2.14693e+10,
65.0109,3.82222,23.8757,6.83128,0.0306562,0.429156,1.28719e+08,448768,194413,238732,2.91821e+09,1.01089e+07,3.64051e+09,1.44623e+10,0,0,6.83315e+06,2.14693e+10,
61.4643,4.15744,25.05,8.78831,0.0379063,0.502,1.43687e+08,300288,215316,234741,2.9847e+09,1.01943e+07,3.7113e+09,1.43249e+10,0,0,6.83315e+06,2.14693e+10,
62.7528,3.87669,25.4039,7.40938,0.0624062,0.495031,1.4623e+08,279808,239565,348640,2.90873e+09,1.02817e+07,3.78356e+09,1.43285e+10,0,0,6.83315e+06,2.14693e+10,
61.9612,3.98434,26.8555,6.63112,0.0389687,0.528969,1.4279e+08,352768,236382,421347,2.78608e+09,1.03684e+07,3.85267e+09,1.4382e+10,0,0,6.83315e+06,2.14693e+10,
63.3837,4.11059,26.2415,5.69434,0.0581563,0.511906,1.38208e+08,535296,230521,388603,2.76086e+09,1.04613e+07,3.92062e+09,1.43391e+10,0,0,6.83315e+06,2.14693e+10,
63.26,4.07681,26.9658,5.16216,0.0429062,0.492469,1.33109e+08,302592,244920,324500,2.6946e+09,1.0562e+07,3.98669e+09,1.43392e+10,0,0,6.83315e+06,2.14693e+10,
63.6397,3.87659,27.3014,4.67616,0.0273438,0.478813,1.18503e+08,215040,203894,390855,2.66557e+09,1.06641e+07,4.04357e+09,1.43113e+10,0,0,6.83315e+06,2.14693e+10,
66.2591,4.15659,25.1745,3.89613,0.0545312,0.459344,1.10181e+08,442880,207989,247138,2.63813e+09,1.07436e+07,4.0975e+09,1.42847e+10,0,0,6.83315e+06,2.14693e+10,
67.0288,3.99862,24.9604,3.54544,0.042625,0.424219,1.08126e+08,312064,241734,213343,2.62037e+09,1.08148e+07,4.15079e+09,1.42491e+10,0,0,6.83315e+06,2.14693e+10,
65.2828,3.88519,26.6638,3.679,0.0425,0.446781,1.13713e+08,602112,229927,261826,2.65454e+09,1.08895e+07,4.20663e+09,1.4159e+10,0,0,6.83315e+06,2.14693e+10,
64.335,3.85262,27.4585,3.881,0.03075,0.442094,1.24042e+08,386560,176657,293668,2.75773e+09,1.09661e+07,4.26845e+09,1.39939e+10,0,0,6.83315e+06,2.14693e+10,
63.1667,3.94781,27.5773,4.75844,0.0468125,0.503156,1.44265e+08,301056,207848,215693,2.81792e+09,1.10506e+07,4.33918e+09,1.38629e+10,0,0,6.83315e+06,2.14693e+10,
62.707,3.83622,27.8444,5.04587,0.038625,0.528094,1.38373e+08,333056,251545,275480,2.70799e+09,1.11341e+07,4.40779e+09,1.39042e+10,0,0,6.83315e+06,2.14693e+10,
57.6879,3.60034,33.0808,5.06237,0.0427812,0.525781,1.35955e+08,254720,232052,279079,2.70142e+09,1.12175e+07,4.47462e+09,1.38438e+10,0,0,6.83315e+06,2.14693e+10,
59.3781,3.99931,31.4605,4.6245,0.0389687,0.4985,1.21381e+08,523776,264013,312304,2.70904e+09,1.13144e+07,4.53388e+09,1.37769e+10,0,0,6.83315e+06,2.14693e+10,
59.9482,3.75984,32.261,3.51713,0.0389063,0.474875,1.06716e+08,339712,250548,340526,2.61806e+09,1.13903e+07,4.58539e+09,1.38162e+10,0,0,6.83315e+06,2.14693e+10,
64.2591,3.94453,28.6621,2.66131,0.0464063,0.426781,1.04834e+08,287488,214787,346059,2.66442e+09,1.14676e+07,4.63746e+09,1.37177e+10,0,0,6.83315e+06,2.14693e+10,
64.0833,3.64691,29.2499,2.58462,0.0310625,0.404375,1.0023e+08,421888,195943,304524,2.71076e+09,1.15299e+07,4.68634e+09,1.36225e+10,0,0,6.83315e+06,2.14693e+10,
61.8515,3.47812,30.2641,3.94903,0.0272187,0.430063,1.21172e+08,242176,169887,287020,2.79575e+09,1.16033e+07,4.7466e+09,1.34771e+10,0,0,6.83315e+06,2.14693e+10,
57.7868,3.51547,33.5158,4.71037,0.0465312,0.425156,1.2797e+08,677376,215714,278122,2.80098e+09,1.1684e+07,4.80964e+09,1.34088e+10,0,0,6.83315e+06,2.14693e+10,
54.2786,3.74172,36.1068,5.31206,0.0390313,0.521813,1.27064e+08,461056,217186,291361,2.75348e+09,1.17618e+07,4.87186e+09,1.3394e+10,0,0,6.83315e+06,2.14693e+10,
55.7407,3.71834,36.0258,3.93522,0.0428437,0.537031,1.45911e+08,296192,235476,302193,2.79103e+09,1.18461e+07,4.944e+09,1.32842e+10,0,0,6.83315e+06,2.14693e+10,
53.2087,3.62584,38.1353,4.46269,0.0621562,0.505437,1.20636e+08,431616,227417,263789,2.68075e+09,1.19232e+07,5.00364e+09,1.33348e+10,0,0,6.83315e+06,2.14693e+10,
54.0122,3.56006,38.1959,3.75234,0.0272812,0.452344,1.06575e+08,271872,206772,240899,2.71371e+09,1.19854e+07,5.05576e+09,1.32496e+10,0,0,6.83315e+06,2.14693e+10,
59.545,3.36581,32.912,3.69013,0.0428437,0.444125,1.08032e+08,550912,207397,375095,2.67824e+09,1.20625e+07,5.10853e+09,1.32322e+10,0,0,6.83315e+06,2.14693e+10,
59.2826,3.52263,32.9892,3.71216,0.0270312,0.466313,1.10204e+08,394240,199946,442638,2.74171e+09,1.2144e+07,5.16248e+09,1.31148e+10,0,0,6.83315e+06,2.14693e+10,
58.5855,3.85972,34.2144,2.85394,0.0468438,0.439625,1.06469e+08,279296,215511,261563,2.69044e+09,1.22172e+07,5.21476e+09,1.31137e+10,0,0,6.83315e+06,2.14693e+10,
56.5978,3.41788,35.9492,3.57862,0.0351562,0.421406,1.21255e+08,428800,173692,204119,2.79387e+09,1.22924e+07,5.27477e+09,1.29502e+10,0,0,6.83315e+06,2.14693e+10,
55.0762,3.36153,35.6773,5.39584,0.042625,0.446687,1.33275e+08,322560,167129,181828,2.85341e+09,1.23716e+07,5.34158e+09,1.28237e+10,0,0,6.83315e+06,2.14693e+10,
54.6066,3.59356,36.2083,5.04634,0.0269375,0.51825,1.453e+08,583680,164150,214524,2.81952e+09,1.24563e+07,5.41246e+09,1.27866e+10,0,0,6.83315e+06,2.14693e+10,
51.8656,3.59787,39.3159,4.61303,0.062375,0.545219,1.29191e+08,351744,234117,330463,2.74791e+09,1.25398e+07,5.47537e+09,1.27953e+10,0,0,6.83315e+06,2.14693e+10,
52.3987,3.72312,40.2196,3.15144,0.0390313,0.468125,1.09566e+08,313344,250414,292782,2.60878e+09,1.26081e+07,5.52894e+09,1.28808e+10,0,0,6.83315e+06,2.14693e+10,
55.6856,3.48041,36.155,4.20337,0.042375,0.433375,1.15534e+08,376064,197486,384031,2.72023e+09,1.26876e+07,5.5855e+09,1.27127e+10,0,0,6.83315e+06,2.14693e+10,
60.4356,3.37116,32.3721,3.2995,0.0390313,0.482813,1.11896e+08,198144,183024,266876,2.69686e+09,1.27683e+07,5.64116e+09,1.26803e+10,0,0,6.83315e+06,2.14693e+10,
60.8194,3.72041,31.6198,3.40638,0.0310625,0.403063,1.05416e+08,536320,168104,385878,2.72249e+09,1.28492e+07,5.69211e+09,1.26036e+10,0,0,6.83315e+06,2.14693e+10,
60.6966,3.72291,32.643,2.44862,0.0465625,0.442406,1.12319e+08,329472,230735,307798,2.74892e+09,1.2924e+07,5.74729e+09,1.2522e+10,0,0,6.83315e+06,2.14693e+10,
57.6869,3.77191,34.3585,3.67641,0.0312187,0.475063,1.27962e+08,327680,178465,247591,2.7972e+09,1.30104e+07,5.81048e+09,1.24104e+10,0,0,6.83315e+06,2.14693e+10,
56.8137,3.69044,34.9792,3.9715,0.0468125,0.498469,1.42232e+08,380928,175951,406702,2.87307e+09,1.31037e+07,5.88113e+09,1.22638e+10,0,0,6.83315e+06,2.14693e+10,
56.3852,3.61116,36.1999,3.24597,0.035125,0.522781,1.39682e+08,217088,221756,263146,2.7577e+09,1.31858e+07,5.94908e+09,1.23111e+10,0,0,6.83315e+06,2.14693e+10,
54.6187,3.57775,37.9971,3.28284,0.0346562,0.488844,1.16018e+08,508672,201227,359443,2.7606e+09,1.32564e+07,6.00597e+09,1.22513e+10,0,0,6.83315e+06,2.14693e+10,
54.2877,3.63916,38.4049,3.25941,0.0429062,0.366219,1.00463e+08,294144,196619,300060,2.74139e+09,1.33231e+07,6.05511e+09,1.22213e+10,0,0,6.83315e+06,2.14693e+10,
57.8723,3.21366,33.9,4.54869,0.0234062,0.442,1.14996e+08,280064,182647,331448,2.82299e+09,1.3392e+07,6.11241e+09,1.20823e+10,0,0,6.83315e+06,2.14693e+10,
59.6139,3.62391,31.9558,4.37,0.0390313,0.397469,1.11824e+08,409856,150949,236301,2.824e+09,1.3461e+07,6.16729e+09,1.20263e+10,0,0,6.83315e+06,2.14693e+10,
56.0414,3.60112,34.9111,4.94013,0.0546563,0.451687,1.20197e+08,158720,210428,382343,2.78521e+09,1.3535e+07,6.22603e+09,1.20063e+10,0,0,6.83315e+06,2.14693e+10,
54.8869,3.66238,36.8859,4.00341,0.0468438,0.5145,1.37471e+08,567552,186356,319077,2.82583e+09,1.36223e+07,6.29352e+09,1.18981e+10,0,0,6.83315e+06,2.14693e+10,
53.9379,3.74669,38.0845,3.72231,0.035125,0.473281,1.33794e+08,326656,209402,244980,2.76081e+09,1.37084e+07,6.36028e+09,1.18963e+10,0,0,6.83315e+06,2.14693e+10,
55.8683,3.64256,35.7998,4.12066,0.0740625,0.49475,1.27827e+08,320256,191149,251136,2.78749e+09,1.38012e+07,6.42266e+09,1.18071e+10,0,0,6.83315e+06,2.14693e+10,
57.5,3.59016,34.61,3.76616,0.0312187,0.502594,1.2315e+08,472320,184910,298453,2.71037e+09,1.38941e+07,6.48292e+09,1.18239e+10,0,0,6.83315e+06,2.14693e+10,
56.6625,3.89091,36.1001,2.86713,0.0390313,0.440375,1.01618e+08,393728,204291,365701,2.70495e+09,1.39622e+07,6.53181e+09,1.17804e+10,0,0,6.83315e+06,2.14693e+10,
57.4847,3.75219,35.9857,2.27359,0.0496562,0.454313,1.01219e+08,449024,239190,287788,2.68708e+09,1.40351e+07,6.58143e+09,1.17485e+10,0,0,6.83315e+06,2.14693e+10,
61.6711,3.85775,31.8236,2.15881,0.035125,0.453656,1.1638e+08,419328,184048,452559,2.73158e+09,1.4119e+07,6.63918e+09,1.16462e+10,0,0,6.83315e+06,2.14693e+10,
60.7004,3.82875,32.1847,2.78416,0.034875,0.467031,1.21098e+08,364800,183608,353154,2.79888e+09,1.4201e+07,6.69888e+09,1.15191e+10,0,0,6.83315e+06,2.14693e+10,
60.4766,3.99919,32.0354,2.94712,0.054625,0.487313,1.32947e+08,387584,162826,305328,2.77172e+09,1.42849e+07,6.76427e+09,1.14808e+10,0,0,6.83315e+06,2.14693e+10,
57.8597,3.66634,34.0129,3.93034,0.0382188,0.492344,1.27662e+08,243968,157408,257074,2.8233e+09,1.43683e+07,6.82762e+09,1.13658e+10,0,0,6.83315e+06,2.14693e+10,
54.5926,3.81269,37.8553,3.21356,0.050625,0.475125,1.21117e+08,467968,220084,294052,2.81409e+09,1.44605e+07,6.88766e+09,1.13149e+10,0,0,6.83315e+06,2.14693e+10,
56.1258,3.79969,35.1153,4.48003,0.0311562,0.448188,1.27365e+08,461568,196026,190790,2.80305e+09,1.45836e+07,6.94971e+09,1.12637e+10,0,0,6.83315e+06,2.14693e+10,
58.4297,3.98028,33.4737,3.57506,0.054625,0.486688,1.2544e+08,263680,177281,211038,2.82942e+09,1.46758e+07,7.01187e+09,1.11751e+10,0,0,6.83315e+06,2.14693e+10,
59.4462,3.66453,33.8942,2.48559,0.0351562,0.474281,1.14285e+08,496384,193809,218054,2.80123e+09,1.47587e+07,7.0668e+09,1.11483e+10,0,0,6.83315e+06,2.14693e+10,
58.1716,3.71847,34.6126,2.96037,0.0428437,0.494281,1.0823e+08,405248,195331,224612,2.7575e+09,1.48352e+07,7.12009e+09,1.11387e+10,0,0,6.83315e+06,2.14693e+10,
58.0765,3.97725,34.4952,2.95281,0.0351562,0.463125,1.15949e+08,501248,193398,298213,2.74484e+09,1.4935e+07,7.17741e+09,1.10939e+10,0,0,6.83315e+06,2.14693e+10,
57.9013,3.81294,33.9593,3.79006,0.0505625,0.486,1.26621e+08,911104,195718,333939,2.81968e+09,1.51048e+07,7.2397e+09,1.09566e+10,0,0,6.83315e+06,2.14693e+10,
57.8558,3.81469,32.368,5.44181,0.0661875,0.453625,1.23954e+08,495360,171551,236483,2.86048e+09,1.53078e+07,7.30074e+09,1.08546e+10,0,0,6.83315e+06,2.14693e+10,
60.1623,3.72872,32.2911,3.30284,0.022875,0.492031,1.17857e+08,165376,184803,276484,2.7876e+09,1.54259e+07,7.35808e+09,1.087e+10,0,0,6.83315e+06,2.14693e+10,
60.4772,4.02516,31.6517,3.31769,0.0546563,0.473844,1.12517e+08,318976,180714,228875,2.80388e+09,1.551e+07,7.41332e+09,1.07984e+10,0,0,6.83315e+06,2.14693e+10,
61.3442,4.05613,30.9278,3.14925,0.0429688,0.479531,1.15354e+08,289280,193873,237281,2.77064e+09,1.5589e+07,7.47011e+09,1.07747e+10,0,0,6.83315e+06,2.14693e+10,
59.977,3.84422,32.2034,3.45187,0.0464375,0.477031,1.25074e+08,773376,188668,272120,2.8634e+09,1.56782e+07,7.53167e+09,1.06203e+10,0,0,6.83315e+06,2.14693e+10,
59.661,3.76031,32.5752,3.45422,0.0311875,0.518063,1.24793e+08,453888,178969,227881,2.82038e+09,1.5759e+07,7.59275e+09,1.06022e+10,0,0,6.83315e+06,2.14693e+10,
56.0989,3.93009,36.0672,3.38334,0.0585312,0.461875,1.21175e+08,185600,209618,318612,2.8424e+09,1.5852e+07,7.65211e+09,1.05207e+10,0,0,6.83315e+06,2.14693e+10,
60.4143,4.05169,32.841,2.15712,0.0468438,0.489344,1.2742e+08,218368,176474,235362,2.83455e+09,1.59282e+07,7.7152e+09,1.04654e+10,0,0,6.83315e+06,2.14693e+10,
60.1314,4.10019,32.8528,2.38478,0.0464375,0.484563,1.24647e+08,281344,205637,451934,2.80235e+09,1.60099e+07,7.77577e+09,1.04369e+10,0,0,6.83315e+06,2.14693e+10,
61.0038,4.03613,32.4287,2.01041,0.0583437,0.462781,1.06417e+08,628480,199216,269889,2.7548e+09,1.60859e+07,7.82781e+09,1.04324e+10,0,0,6.83315e+06,2.14693e+10,
60.0778,3.74769,33.7008,2.01328,0.0195312,0.440906,1.0694e+08,404736,199683,276859,2.72356e+09,1.61672e+07,7.88065e+09,1.04107e+10,0,0,6.83315e+06,2.14693e+10,
58.8426,4.09087,34.0488,2.55556,0.0351562,0.427094,1.09397e+08,187904,154680,242697,2.86648e+09,1.62362e+07,7.93486e+09,1.02135e+10,0,0,6.83315e+06,2.14693e+10,
62.6234,3.91491,30.4082,2.52275,0.0502187,0.480625,1.25796e+08,220416,160402,211335,2.84029e+09,1.63126e+07,7.99703e+09,1.01775e+10,0,0,6.83315e+06,2.14693e+10,
60.2071,3.6465,32.5213,3.11894,0.0467812,0.459469,1.29726e+08,203776,134799,218053,2.84069e+09,1.63877e+07,8.05988e+09,1.01141e+10,0,0,6.83315e+06,2.14693e+10,
55.6158,4.09044,36.4571,3.3415,0.0390313,0.456188,1.11862e+08,675328,201801,213319,2.80286e+09,1.64634e+07,8.11538e+09,1.00964e+10,0,0,6.83315e+06,2.14693e+10,
56.6335,3.81056,35.6335,3.36197,0.050625,0.51,1.35303e+08,399616,184388,314836,2.81919e+09,1.65436e+07,8.18201e+09,1.00133e+10,0,0,6.83315e+06,2.14693e+10,
59.3635,4.11831,32.9497,2.98422,0.0427813,0.541281,1.41209e+08,150528,185096,223720,2.86367e+09,1.66239e+07,8.25201e+09,9.89878e+09,0,0,6.83315e+06,2.14693e+10,
58.7381,3.70409,34.9121,2.09572,0.0429688,0.50725,1.24101e+08,214784,190201,266102,2.72312e+09,1.66949e+07,8.31279e+09,9.97847e+09,0,0,6.83315e+06,2.14693e+10,
55.8704,3.68684,37.9871,1.97278,0.035,0.448031,1.03294e+08,211968,212285,244197,2.70804e+09,1.67579e+07,8.36277e+09,9.94351e+09,0,0,6.83315e+06,2.14693e+10,
52.4969,3.42503,41.0307,2.6005,0.0507188,0.396219,1.02678e+08,584960,168097,265939,2.71427e+09,1.68205e+07,8.41346e+09,9.88654e+09,0,0,6.83315e+06,2.14693e+10,
45.5968,2.90475,46.8385,4.18497,0.039,0.436062,1.30521e+08,427008,138324,232889,2.67061e+09,1.68997e+07,8.47813e+09,9.86545e+09,0,0,6.83315e+06,2.14693e+10,
37.8517,2.73156,54.5977,4.36647,0.0195312,0.433094,1.33403e+08,180480,148512,772550,2.64976e+09,1.6972e+07,8.54369e+09,9.82066e+09,0,0,6.83315e+06,2.14693e+10,
27.6762,2.34841,65.0285,4.43591,0.0546563,0.456469,1.24936e+08,124672,1.76442e+06,2.35805e+06,2.5631e+09,1.70408e+07,8.60492e+09,9.84602e+09,0,0,6.83315e+06,2.14693e+10,
20.1451,1.96719,74.328,3.06394,0.0273438,0.468313,9.33711e+07,149248,6.13129e+06,4.74393e+06,2.38601e+09,1.70936e+07,8.64979e+09,9.97819e+09,0,0,6.83315e+06,2.14693e+10,
12.5821,1.24891,83.8631,1.93506,0.0195312,0.351313,6.33805e+07,226048,9.34018e+06,7.93989e+06,2.22393e+09,1.71324e+07,8.67993e+09,1.01101e+10,0,0,6.83315e+06,2.14693e+10,
6.61225,0.702125,91.0252,1.41841,0.03125,0.21075,3.46365e+07,235008,6.12301e+06,6.63303e+06,2.1346e+09,1.71565e+07,8.69626e+09,1.01831e+10,0,0,6.83315e+06,2.14693e+10,
3.8995,0.444906,94.6373,0.877844,0.0078125,0.132688,1.66884e+07,68608,859086,2.55138e+06,2.09401e+09,1.71683e+07,8.70363e+09,1.02163e+10,0,0,6.83315e+06,2.14693e+10,
2.20597,0.390563,96.8913,0.437969,0.00390625,0.07025,6.21798e+06,173568,440531,467755,2.01021e+09,1.71762e+07,8.70546e+09,1.02982e+10,0,0,6.83315e+06,2.14693e+10,
1.06953,0.234219,98.1696,0.476,0.015625,0.0351562,2.71923e+06,137984,416889,563531,2.00979e+09,1.7183e+07,8.7059e+09,1.02982e+10,0,0,6.83315e+06,2.14693e+10,
0.948281,0.199031,98.5053,0.300594,0,0.046875,3.10426e+06,218880,404159,454029,1.99833e+09,1.71891e+07,8.70634e+09,1.03092e+10,0,0,6.83315e+06,2.14693e+10,
0.823281,0.163969,98.494,0.460437,0.0234375,0.0351562,3.17414e+06,222464,402323,416259,1.99832e+09,1.7209e+07,8.70692e+09,1.03086e+10,0,0,6.83315e+06,2.14693e+10,
0.890125,0.140563,98.7937,0.140563,0,0.0351562,2.29888e+06,158720,400766,455628,1.99841e+09,1.72206e+07,8.707e+09,1.03085e+10,0,0,6.83315e+06,2.14693e+10,
0.718,0.136656,99.0323,0.0741875,0.0078125,0.0312187,2.33242e+06,154112,400009,429950,1.99828e+09,1.72247e+07,8.70718e+09,1.03084e+10,0,0,6.83315e+06,2.14693e+10,
3.52972,0.304187,95.9596,0.140375,0.0078125,0.0584687,2.83571e+06,165888,405155,414397,1.99824e+09,1.72315e+07,8.70755e+09,1.03081e+10,0,0,6.83315e+06,2.14693e+10,
18.6489,1.09841,79.8552,0.296406,0.0195,0.081875,3.82925e+06,125440,454696,468016,1.89411e+09,1.72433e+07,8.70831e+09,1.04114e+10,0,0,6.83315e+06,2.14693e+10,
23.1257,1.637,74.9722,0.167844,0.00390625,0.093375,1.20858e+06,191232,208144,357024,1.56214e+09,1.72566e+07,8.70792e+09,1.07438e+10,0,0,6.83315e+06,2.14693e+10,
14.7865,1.13625,83.8432,0.183469,0.015625,0.0351875,2.11686e+06,246016,188369,375647,1.26611e+09,1.72666e+07,8.70789e+09,1.10398e+10,0,0,6.83315e+06,2.14693e+10,
4.29275,0.472062,95.0131,0.171531,0.0078125,0.0427187,2.41408e+06,480000,581558,453026,1.15545e+09,1.7278e+07,8.70917e+09,1.11492e+10,0,0,6.83315e+06,2.14693e+10,
0.702344,0.206937,98.9075,0.171687,0,0.0117188,2.34368e+06,1.04934e+06,343320,795430,1.10447e+09,1.72841e+07,8.70928e+09,1.12001e+10,0,0,6.83315e+06,2.14693e+10,
0.0975938,0.0468438,99.8088,0.0429375,0.00390625,0,1.46611e+06,131584,25905.3,41658.2,1.10416e+09,1.72899e+07,8.70896e+09,1.12007e+10,0,0,6.83315e+06,2.14693e+10,
0.0664062,0.0429688,99.7308,0.1405,0.0117188,0.0078125,1.45869e+06,240896,20413.4,21975.3,1.10386e+09,1.72978e+07,8.70866e+09,1.12013e+10,0,0,6.83315e+06,2.14693e+10,
0.0585625,0.0742188,99.5863,0.273313,0.0078125,0,2.39744e+06,1.23162e+06,53217.4,54143.7,1.10349e+09,1.731e+07,8.70881e+09,1.12015e+10,0,0,6.83315e+06,2.14693e+10,
0.40625,0.09375,99.262,0.234187,0,0.00390625,3.4473e+06,701696,33526.6,31453.6,1.10452e+09,1.73171e+07,8.70953e+09,1.11997e+10,0,0,6.83315e+06,2.14693e+10,
0.876875,0.0663125,99.0023,0.046875,0,0.0078125,1.26592e+06,120320,9574.75,3659.47,1.10573e+09,1.73222e+07,8.70864e+09,1.11994e+10,0,0,6.83315e+06,2.14693e+10,
0.847594,0.128844,98.9298,0.0898438,0.00390625,0,2.05261e+06,84480,14689,3593.25,1.09321e+09,1.73304e+07,8.70798e+09,1.12126e+10,0,0,6.83315e+06,2.14693e+10,
0.61325,0.0936875,99.1332,0.14825,0,0.0117188,2.4128e+06,136192,7268.06,2226.5,1.09381e+09,1.73363e+07,8.7075e+09,1.12124e+10,0,0,6.83315e+06,2.14693e+10,
0.581438,0.124969,99.2117,0.0663125,0.0078125,0.0078125,2.47296e+06,84992,79196.2,8152.69,1.09404e+09,1.7342e+07,8.70733e+09,1.12124e+10,0,0,6.83315e+06,2.14693e+10,
0.670344,0.0780312,99.1893,0.0467812,0.0078125,0.00778125,1.46406e+06,98560,104109,5228.78,1.09416e+09,1.73491e+07,8.707e+09,1.12126e+10,0,0,6.83315e+06,2.14693e+10,
2.29453,1.36175,96.0087,0.29625,0.0078125,0.03125,1.51578e+06,197376,103979,26160.5,1.10049e+09,1.73687e+07,8.70684e+09,1.12064e+10,0,0,6.83315e+06,2.14693e+10,
10.1958,6.03209,83.3581,0.328406,0.0155937,0.0700625,2.35418e+06,97024,112292,69681.2,1.1387e+09,1.74019e+07,8.70715e+09,1.11678e+10,0,0,6.83315e+06,2.14693e+10,
23.1542,9.54428,67.0467,0.147156,0.0068125,0.100875,3.57734e+06,429568,151183,169150,1.2174e+09,1.74184e+07,8.70801e+09,1.10883e+10,0,0,6.83315e+06,2.14693e+10,
41.8848,5.4135,52.6044,0.0078125,0.0154062,0.0740937,1.06803e+06,276992,157282,101446,1.32797e+09,1.74253e+07,8.70768e+09,1.0978e+10,0,0,6.83315e+06,2.14693e+10,
48.648,2.47875,48.8117,0.0117188,0.0156563,0.0342812,2.25331e+06,126720,30257.7,38546.2,1.45408e+09,1.74323e+07,8.70773e+09,1.08518e+10,0,0,6.83315e+06,2.14693e+10,
48.3662,1.94803,49.5767,0.074125,0.0078125,0.0272812,2.50982e+06,341760,15849.8,13831,1.54313e+09,1.74385e+07,8.70797e+09,1.07626e+10,0,0,6.83315e+06,2.14693e+10,
47.7397,1.76906,50.403,0.05075,0.00390625,0.0336875,2.3767e+06,419072,10594.9,11018.3,1.62985e+09,1.7447e+07,8.70808e+09,1.06757e+10,0,0,6.83315e+06,2.14693e+10,
46.4288,1.49622,52.0517,0,0,0.0232812,1.33094e+06,134400,11429.9,11039.7,1.66292e+09,1.74561e+07,8.70776e+09,1.0643e+10,0,0,6.83315e+06,2.14693e+10,
44.135,2.01184,53.7559,0.0702813,0.00390625,0.0232187,1.45715e+06,103424,39578.8,18481.8,1.73329e+09,1.74674e+07,8.70749e+09,1.05728e+10,0,0,6.83315e+06,2.14693e+10,
32.66,2.70125,64.4942,0.0898125,0.0078125,0.0470313,2.90688e+06,160512,34068.8,32367.4,1.49585e+09,1.74797e+07,8.70793e+09,1.08098e+10,0,0,6.83315e+06,2.14693e+10,
17.0648,1.68178,81.0582,0.148375,0.0078125,0.0390625,2.82266e+06,176640,33597.3,42087.6,1.37355e+09,1.749e+07,8.70828e+09,1.09318e+10,0,0,6.83315e+06,2.14693e+10,
5.58659,0.792531,93.5507,0.0507187,0.0078125,0.0117188,1.82528e+06,161024,37456.9,47182,1.13088e+09,1.74998e+07,8.70795e+09,1.11748e+10,0,0,6.83315e+06,2.14693e+10,
1.6025,0.148281,98.1829,0.0468438,0.0078125,0.0117188,1.72365e+06,151808,11517.4,28903,1.10284e+09,1.75059e+07,8.70779e+09,1.1203e+10,0,0,6.83315e+06,2.14693e+10,
0.5625,0.101562,99.2228,0.105344,0,0.0078125,2.50957e+06,44288,5751.22,12527.7,1.09766e+09,1.75103e+07,8.70797e+09,1.12079e+10,0,0,6.83315e+06,2.14693e+10,
0.0585938,0.0273438,99.7033,0.19525,0.0078125,0.0078125,1.89875e+06,122112,62727.6,31116.1,1.09749e+09,1.75195e+07,8.70799e+09,1.12081e+10,0,0,6.83315e+06,2.14693e+10,
